csf	white_matter	global_signal	std_dvars	dvars	framewise_displacement	t_comp_cor_00	t_comp_cor_01	t_comp_cor_02	t_comp_cor_03	t_comp_cor_04	t_comp_cor_05	a_comp_cor_00	a_comp_cor_01	a_comp_cor_02	a_comp_cor_03	a_comp_cor_04	a_comp_cor_05	cosine00	cosine01	cosine02	trans_x	trans_y	trans_z	rot_x	rot_y	rot_z
2000.4659741614678	1713.3140704622692	1516.8314277975594	n/a	n/a	n/a	-0.0818832921	0.040730795099999995	-0.0855796125	0.0837858492	-0.056954461399999996	0.0583478948	0.0668746792	-0.069671323	0.1848945619	-0.21439282699999998	-0.1157312956	0.022815029599999998	0.1285540361	0.1285215385	0.1284673818	0.0135858	0.0337049	-0.000228566	-0.0014595	-0.000654955	0.0
1997.4500088127775	1713.2338249304419	1515.621357801353	1.162087	13.430249	0.128802052	-0.0657394562	0.028197657	-0.026554616899999998	0.1118886889	-0.13216363539999998	0.036806196	0.0335682749	-0.0979383658	0.0902122945	-0.2092461234	-0.0203128868	0.0297351758	0.1284673818	0.1281750671	0.1276883686	0.000331164	0.0374403	0.0227728	-0.00178278	-0.00133082	0.000777068
1998.1665201525586	1714.9809028477869	1515.1830814226773	1.0767350000000002	12.443841	0.226805951	-0.049543207400000004	0.0330042525	-0.024394329399999998	0.0267183794	-0.086089019	0.013195111200000002	0.0127499059	-0.0949906777	0.0301818589	-0.1399453033	0.06932288519999999	0.0838269807	0.1282941315	0.1274830585	0.1261350661	0.000537055	0.0563964	-0.00645884	-0.0020735	4.35584e-05	-0.00112608
1999.6184700605945	1715.9375306839029	1510.5263198350942	2.00044	23.119099	0.18870556	-0.049681305	0.07129158690000001	-0.0608292534	-0.039364972799999995	-0.0336751995	-0.033018729100000005	0.044182947199999996	-0.1772949805	0.1597198374	-0.3353265774	-0.0229384882	0.5039517503000001	0.1280344021	0.126447378	0.1238168934	0.0199747	0.0564117	0.0100885	-0.00153682	-0.00125	9.77871e-05
2000.934865609308	1713.431279487104	1515.1219460581867	2.37241	27.417961	0.083803734	0.0968293433	-0.0754346642	-0.0423393659	-0.0838573146	0.0371205803	0.0551831273	0.0476332056	0.0819352299	0.0484778337	-0.1462685339	-0.1309024615	-0.0399246824	0.1276883686	0.12507081779999998	0.1207479075	0.0209156	0.0291264	0.000311911	-0.00192746	-0.00113321	0.000506376
2002.5880705078791	1716.9529209960815	1514.7730120074264	1.631939	18.860334	0.254534081	0.0336106577	-0.0574839641	-0.1570775127	-0.0306730042	-0.16489721699999998	0.1063436686	-0.00992613	0.0124055685	0.0551019576	-0.1334325085	0.1557028612	0.00690125	0.1272562643	0.12335708880000001	0.1169467186	0.00387313	0.0563285	-0.0161554	-0.0013189600000000003	0.000429778	-0.00119858
1995.215234181747	1714.1989828034054	1512.3540106504545	1.238095	14.308674	0.06031649999999999	-0.0499267345	-0.12148541119999999	-0.0190415619	0.0504350899	-0.0099694808	0.0467405366	0.0190629798	0.0334397504	-0.058837636900000004	-0.1253613781	0.1201883931	-0.0086396194	0.1267383804	0.1213108108	0.1124363766	0.00832883	0.0420983	-0.0161857	-0.00142539	0.0008997039999999998	-0.00145423
1993.1198946727109	1713.9124367507775	1512.812273980542	1.255886	14.514286	0.13436063999999998	-0.0534299001	-0.049468415700000004	-0.0191964994	0.0732464637	0.0236667746	-0.0711142741	0.0553465918	0.0017754969	-0.0298323597	-0.0768071396	0.0169154914	-0.10547013640000001	0.1261350661	0.11893750039999999	0.1072442319	-0.00643003	0.0367057	0.00614378	-0.00142539	0.000121089	-0.000395251
1996.4642950939115	1712.7741507225326	1516.1281160827714	1.079964	12.481152	0.06771063	-0.0438847852	0.0300556473	-0.0518638245	0.0164968182	-0.0100417653	-0.1234912609	0.057120255300000006	-0.0174694499	-0.011150822	0.0314779065	-0.012380996799999999	-0.2258173303	0.125446728	0.11624355550000001	0.101401769	-0.00652217	0.0478312	-0.00989306	-0.00136902	0.000553765	-0.000715328
1998.9672508506928	1717.4915770266552	1518.4256281578241	1.308035	15.116973	0.20351596	0.0176937065	0.1089752432	-0.07859953459999999	-0.058811436200000004	-0.0606360038	-0.12310059699999999	-0.1006581559	-0.0959827083	0.0246892093	0.0195412882	0.1076431103	-0.0589262193	0.1246738301	0.1132362385	0.09494441599999999	-0.00646113	0.0141649	0.00602371	-0.000599345	-0.000593277	0.000445392
1999.1529147069812	1714.5228082763313	1516.111828916653	1.1498	13.288244	0.11325123	0.0338175671	0.09497952130000001	-0.044102441	-0.1053543901	0.019317101200000002	-0.0710270687	-0.1052513823	-0.0463215182	0.034362537799999995	0.0386612647	0.0261313235	-0.0087612192	0.1238168934	0.1099236566	0.08791132980000001	-0.00642183	0.0271115	0.00199143	-0.00133246	-0.000293857	-0.000446734
1995.1803754012485	1714.1980350215335	1513.1600740751853	1.15296	13.324764	0.06548074	0.0975218752	-0.0101458622	0.0831797762	0.025110011	0.0998761232	-0.0747843751	-0.1054924056	0.0527420484	-0.0633451146	0.0222640998	-0.0038330086	-0.021924897000000002	0.1228764955	0.10631474	0.0803451581	-0.00656685	0.0272019	-0.00044099	-0.000858081	0.000286689	-0.000245401
1992.1465040774192	1714.9423597183263	1512.3762483565783	0.977353	11.295279	0.04421493	0.0970666285	-0.0396874844	0.1325228715	0.065894662	0.100544812	-0.1199543095	-0.1350800153	0.0676265188	-0.09974656400000001	0.04995869309999999	0.056065548300000004	-0.0468623855	0.1218532703	0.1024192176	0.07229178160000001	-0.00656499	0.0246415	-0.00983651	-0.000251187	0.000324938	-0.000245401
1993.0506536966034	1713.8789484579681	1513.3604567551388	1.120503	12.94966	0.18488228	0.1422536133	-0.0805522367	0.1519057664	-0.027928718300000002	0.0530954703	-0.0917658043	-0.07049704	0.14302697949999998	-0.0968122675	0.0669231302	-0.0734978055	0.005872293000000001	0.1207479075	0.0982475912	0.063800035	0.0177366	0.0206419	-0.00969152	-0.000280588	0.00143774	-0.00223192
1996.9939170734021	1713.4394935966611	1515.6018450214124	1.141634	13.193869	0.20159422	0.1365144784	-0.0679195554	0.00284883	0.0202007299	-0.035854592000000005	-0.0530852581	-0.111483375	0.1188102092	-0.0352440133	-0.007681325699999999	0.0222284463	-0.0880495763	0.1195611523	0.0938111066	0.054921411399999995	0.00261457	0.0313915	0.00496177	-0.0009427490000000002	0.000555089	-0.000555346
1995.4884534906162	1712.7027511548438	1513.5976641530478	0.848447	9.805505	0.08190221	0.1119051512	-0.0981713192	0.059949335599999994	0.0079056499	-0.0207002368	-0.0774124795	-0.11827531869999999	0.1048626577	-0.09102436480000001	-0.0266010281	-0.0023794544	-0.0584416436	0.11829380460000001	0.08912172380000001	0.04570975	0.0225659	0.0417498	0.00830815	-0.00143491	0.000558368	-0.00102483
1990.4046543893771	1711.9552671851443	1511.0749143901792	1.03215	11.92857	0.196645285	0.0972873984	-0.08223850769999999	0.1735864054	0.046115032699999996	-0.030892903700000002	-0.0235655332	-0.11216981349999999	0.1041184917	-0.1798485757	0.06794080570000001	-0.019113529599999998	-0.0567512481	0.1169467186	0.0841920847	0.0362209093	-0.00650226	0.0275132	-0.00324243	-0.000781696	-8.99959e-05	0.000509391
1988.1258296978333	1713.0502711745692	1511.4260134080496	1.175145	13.581159	0.139306725	0.0628154753	-0.0219972877	0.2586992318	0.014542948	0.0401604956	0.029853835	-0.1444665836	0.0598155642	-0.2035819859	0.1168858869	-0.0042548978999999995	0.0127070469	0.1155208024	0.07903547849999999	0.0265124287	-0.0307437	0.0459574	0.0157086	-0.000978994	-0.000141754	-0.0007949539999999998
1991.40391673582	1712.2190664728446	1514.549926808525	1.003203	11.594022	0.230083	0.0505005779	0.0148664926	0.2562289344	-0.0098790426	0.0796825295	0.172232555	-0.1206199959	0.0472762128	-0.13888321039999998	0.17252270190000002	-0.047491362	0.0821325809	0.1140170172	0.0736658067	0.0166431794	0.017626	0.0253303	0.0158535	-0.00117803	0.00139429	-0.0022787
1999.2261045293176	1711.545193561869	1517.6275648168914	1.299246	15.015395	0.17793261	0.0100763663	0.1793900211	0.062951491	-0.0436144406	-0.0937923379	0.2117806468	-0.107694835	-0.0653541664	0.0050640031	0.2151886447	-0.1170824533	-0.0151923256	0.1124363766	0.0680975449	0.0066730076	-0.00651696	0.0276192	0.0158761	-0.000978994	0.000599913	-0.00024255
2001.9704164909185	1712.2285442915647	1518.7104461148792	1.074167	12.414156	0.12128910200000002	-0.0029343033	0.2033911048	-0.0223958868	-0.0284115863	-0.0632125345	0.1878683659	-0.011110526899999999	-0.0763294278	0.0855824205	0.2076111104	-0.1584063191	-0.0617760379	0.1107799461	0.0623457042	-0.0033376287	-0.00653579	0.0008785969999999998	-0.000335119	-0.000282332	-0.000133411	-0.000106167
2005.0095983320887	1713.1377830340814	1519.6239748883204	1.020356	11.792262	0.114103092	0.008985080500000001	0.1997981948	-0.11518914779999999	-0.026895382000000002	0.06311954480000001	0.0672814059	0.041718418	-0.021920911	0.22266994969999998	0.14509315220000002	-0.11678043869999999	-0.0660599214	0.10904884220000001	0.0564257904	-0.0133280259	0.00509388	0.00212278	0.00570417	-0.000326372	0.000946685	-0.00088583
2005.078771224641	1713.376308138529	1519.2793926086265	1.036167	11.97499	0.13218298	-0.0368129089	0.1572531956	-0.1809757172	-0.0190400199	0.12238496730000001	-0.08393002140000001	0.06340088370000001	-0.0625754332	0.1889661825	0.1553774413	-0.1146556282	-0.1156877903	0.1072442319	0.0503537627	-0.023237603399999997	0.00974043	0.00641888	0.007868079999999998	-0.00118532	-6.49124e-05	-0.000334847
1998.325359087917	1712.014029661207	1516.5523607293646	0.932872	10.781206	0.117037275	-0.0948213672	0.1174607039	-0.0856710214	-0.0259526994	0.0975356485	-0.1394667674	0.0981534275	-0.0692612272	0.1439451895	0.10468612599999999	-0.0487121933	-0.1083291618	0.10536733150000001	0.0441459902	-0.0330062704	-0.00651552	0.0204844	0.0157072	0.000112682	4.15633e-05	-0.000161791
1990.190735857489	1711.0125401498176	1513.3714531658966	1.0981820000000002	12.691698	0.111981905	-0.17523187129999998	-0.010820149	-0.026091060299999996	-0.0383688229	0.0831690432	-0.052198593	0.1641643469	-0.040910898	0.0086375375	0.0771219871	-0.058475088200000004	0.0313118536	0.1034194061	0.0378192079	-0.042574790700000004	-0.00655107	-0.00196981	-0.00394156	-0.000156776	0.000291154	-0.00103961
1989.7095893696296	1712.247815856295	1513.2615545688489	1.142727	13.206509	0.13080938000000003	-0.1553988965	-0.10955060890000001	0.027522740499999997	-0.040313338399999996	0.11195227740000001	-0.0568853446	0.1437792849	-0.0135408507	-0.066807118	0.0645147208	0.0107970494	-0.0500595633	0.101401769	0.031390471600000004	-0.0518851418	0.00260685	0.0332913	-0.00383586	-0.000682423	0.00114068	-0.00139013
1991.160313773664	1712.052888717958	1514.9178292778988	0.875201	10.114701	0.160034475	-0.1609634317	-0.08598477289999999	-0.0095864416	0.061092296399999996	0.0676108646	0.0007778627000000001	0.1282299217	-0.0443698518	-0.0607693609	0.0466689654	0.0805488256	-0.0808621668	0.09931578	0.0248771123	-0.0608808666	0.00592336	0.0203379	0.007979369999999998	-0.00100038	4.15633e-05	-0.000168217
1990.8482187545114	1712.4342129577835	1515.117329125443	0.784819	9.070161	0.074327615	-0.1483317666	-0.09131371220000001	-0.0182150564	0.08023038910000001	0.021192852	-0.0096999415	0.1302212774	-0.0195305665	-0.032294055	0.010859333799999999	0.0861202534	-0.10416752189999999	0.0971628453	0.0182966886	-0.069507416	-0.0091331	0.0267554	-0.0039451	-0.00100038	0.000506551	0.000185379
1996.497179451296	1712.935273640769	1515.7264881675235	1.101594	12.731133	0.06962389000000001	0.0044279732	-0.0744769138	-0.1292350842	-0.06773777360000001	-0.0965571682	0.0112614401	0.025448655499999997	-0.0376546537	-0.0964552504	-0.0649747901	0.1829393753	-0.0818563247	0.09494441599999999	0.0116669403	-0.0777124796	-0.00193201	0.0382246	0.0084233	-0.00118854	0.000445472	-0.000337086
1997.7654399261567	1709.601292942443	1514.8538925582702	1.089924	12.596261	0.06974920000000001	0.0182426332	-0.069530929	-0.0349317626	-0.070597879	-0.1335228942	-0.0311899744	-0.0065749168	-0.023487132	-0.11239657509999999	0.0187950273	0.11358218789999999	-0.02938029	0.09266198769999999	0.0050057399	-0.0854463025	-0.0044472	0.0329089	0.00622309	-0.000909995	-0.000470345	-0.000337086
1995.7048911140641	1711.8273166324273	1513.6487888843124	1.045434	12.082084	0.04808221	0.041031709300000004	-0.06738289509999999	-0.0036902668	-0.0888844607	-0.0930430606	0.019088896799999998	-0.0030442513	0.0400418321	-0.1316710981	0.033215469500000004	0.07250463509999999	-0.0072589245	0.09031709869999999	-0.001668955	-0.09266198769999999	0.019066	0.0430931	0.0107607	-0.0007925989999999998	-0.000390797	-0.000337086
1989.9163591281736	1710.4075393882054	1508.848821273394	1.20743	13.95428	0.07507651499999998	0.0562656343	-0.0830321287	0.1744346809	-0.006519171999999999	0.0082689425	0.006128514200000001	-0.0531107314	0.0798434051	-0.1523674608	0.0851144092	0.0243859863	0.16149493880000002	0.08791132980000001	-0.008339150699999999	-0.09931578	0.0159034	0.0382165	0.00975762	-0.000901272	0.000575215	-9.10863e-05
1988.6431966373048	1710.9638873470556	1509.6854219647662	1.001367	11.572805	0.12333853500000003	0.0645673063	-0.0728931116	0.2437356559	-0.043475822000000004	0.0993728553	0.0229500128	-0.0307447356	0.10787288769999999	-0.1509241715	0.12699077960000002	-0.0578821929	0.1671131597	0.0854463025	-0.0149868655	-0.10536733150000001	0.00608038	0.0382711	0.0172647	-0.000497596	0.0007477519999999999	-0.0016339499999999997
1995.1376189282933	1712.7217067922836	1514.516070341587	1.307275	15.108192	0.08380887	0.0197686481	0.0446836596	0.17933099870000002	0.0303056685	0.1537690528	0.1702045862	-0.0004901832	0.0165177371	-0.0094193655	0.09248917890000001	-0.1704928527	0.2109773876	0.08292367839999999	-0.021594178399999997	-0.1107799461	0.0159447	0.0524339	0.0380025	-0.000963373	0.00062521	-0.00144139
1996.9818662840494	1709.6967029842222	1515.2905748473295	1.313669	15.18209	0.03803935	-0.0698007407	0.1497613838	0.0443351214	-0.1221646698	0.1640333841	0.13927475779999998	0.0683450181	-0.0773297461	0.07175086650000001	0.12388451660000001	-0.19081953710000002	0.1812067124	0.0803451581	-0.0281432772	-0.1155208024	0.0159524	0.0383014	0.0308343	-0.000906628	0.000844514	-0.00149996
1997.6774759722425	1708.595380448984	1516.7592835441142	1.157059	13.372138	0.09092015	-0.1452382821	0.0989031442	-0.0064556486	0.0018144019	0.0407901504	0.0581813044	0.11097765609999999	-0.1235441956	0.04593813	0.1545580494	-0.0448701038	0.05624445980000001	0.0777124796	-0.0346165067	-0.1195611523	0.0159303	0.0383116	0.0229009	-0.00152489	0.000308008	-0.000995639
1997.347951562841	1709.5959221785015	1518.1074559812446	1.167133	13.488571	0.10192342295	-0.175740507	0.0322926879	-0.0802034558	0.1454186083	-0.0259294867	0.1424380827	0.0840186261	-0.1370504363	-0.0224328321	0.1377698846	0.11380508439999999	0.0086851803	0.0750274174	-0.040996416200000003	-0.1228764955	0.0159602	0.0382749	0.019981	-0.000664316	4.07541e-07	-0.000185075
1994.2730258549484	1711.3888095529926	1517.7205414195687	1.061724	12.27035	0.12091735294999997	-0.15833461769999999	-0.024394626000000003	-0.0883258594	0.1994522669	-0.0197493617	0.1530679851	0.1134085052	-0.0739892936	0.0005769432	0.001242497	0.23145505719999998	0.046886189	0.07229178160000001	-0.047265806699999996	-0.125446728	-0.00714479	0.0153229	0.00695071	-0.000225624	0.00028701	-0.000696382
1997.4131756091651	1710.630899982701	1517.7659152619729	1.0083780000000002	11.653828	0.051559455	-0.0747689207	-0.0496342612	-0.12987631119999998	0.037690962200000004	-0.0021379835	0.0385237916	0.13439934109999999	0.003020707	0.0692379203	-0.017042723200000002	0.09402842759999999	-0.0292225298	0.069507416	-0.0534077769	-0.1272562643	0.00518948	0.0382928	0.00697215	-0.000362715	9.94241e-05	-0.000696382
1997.8477529449522	1711.8260529232648	1517.3463047056437	0.891465	10.302669	0.103028635	-0.0315764973	-0.0667746962	-0.1262709915	-0.0128043154	0.0023043007000000003	-0.021315811	0.138834918	0.0457606584	0.056269024	-0.021389092400000004	0.1037122593	0.0018177348000000002	0.0666761977	-0.0594057691	-0.1282941315	-0.00899873	0.0165896	0.00695947	-0.000279479	0.000950161	-0.0011049
2002.0472828252607	1708.5922211760776	1518.5037307501486	0.942039	10.887158	0.07528200999999998	0.0046559895	-0.046742781100000005	-0.2123485232	-0.0220982098	-0.037935139	0.029727732000000003	0.0954879413	0.051955052800000005	0.0975573927	-0.0173929399	0.1213821424	-0.0040872765000000005	0.063800035	-0.0652436139	-0.1285540361	0.0159053	0.0382893	0.00700195	-0.000735016	0.00106734	-0.0011049
1998.994348105846	1709.878361176351	1515.865528032968	0.866404	10.013039	0.07805100999999999	0.0062878574	-0.0692664516	-0.15357747730000001	-0.0633851535	0.0082735875	-0.061325833600000004	0.0888479123	0.0522872899	0.0615578309	-0.025226088900000002	0.023788437000000003	-0.0523299587	0.0608808666	-0.0709055735	-0.1280344021	-0.00373515	0.0407365	0.00703626	-0.00119708	0.000569356	-0.000946367
1993.9828537407195	1709.514097010221	1514.3344564291015	0.780826	9.02401	0.0709828	0.0131747994	-0.0756834291	-0.0841138706	-0.106490535	-0.0452619241	-0.08640075359999999	0.09314996880000001	0.0777623879	0.014426698200000001	-0.0245540577	0.0344801208	0.024662641000000003	0.0579206603	-0.0763763841	-0.1267383804	-0.008670219999999998	0.0358329	0.00700403	-0.000552815	0.000149916	-0.0011049
1995.1194406189315	1710.2113485407058	1514.0795487093087	0.7714039999999999	8.915128	0.05951581	0.0055701082	-0.0963449151	-0.0752116966	-0.1400940362	0.026877765699999997	-0.058839581200000005	0.0946897024	0.09563710519999999	-0.0018360251999999999	-0.0248039635	0.011489336499999999	0.0444666462	0.054921411399999995	-0.0816412976	-0.1246738301	0.0158855	0.0383218	0.00703152	-0.000946648	0.000282917	-0.00122694
1994.0612859968412	1709.2660940870535	1512.4635988523614	0.941292	10.878515	0.13000210000000004	0.017387636799999998	-0.09970550710000001	-0.0409367102	-0.1653132021	0.0236907429	-0.0520287037	0.10440796	0.116872114	-0.00388312	-0.0246685751	0.0080093917	0.1490116595	0.0518851418	-0.0866861205	-0.1218532703	0.0056886	0.0690075	0.00217152	-0.000374371	0.00101968	-0.00160309
1991.933062130421	1711.5287653427545	1511.2236997271716	0.860635	9.946370000000002	0.08167448	0.0420131842	-0.1026386863	0.017967193899999997	-0.12062926310000001	-0.0165912325	-0.0256803969	0.078980231	0.1387410827	-0.0030700689000000003	-0.020588451	-0.0227659062	0.1841422355	0.0488138979	-0.091497253	-0.11829380460000001	0.0158607	0.0461625	0.0136956	-0.000426127	0.00114674	-0.00216694
1993.2221561733145	1710.0587556593173	1512.364139826548	0.848786	9.809429	0.151797445	0.0558579619	-0.0981519943	0.0189445707	-0.0690372472	-0.0092239886	-0.0160715988	0.0590308705	0.1095638797	-0.0143760221	-0.060797114299999996	-0.1064820139	0.088135498	0.04570975	-0.096061725	-0.1140170172	0.00278015	0.0290961	0.0185235	-0.000292151	6.86941e-05	-0.00104251
1995.3396228379404	1710.990425239471	1514.15016438367	0.7338489999999999	8.481096	0.031871185	0.06409252530000001	-0.0722252058	-0.0208898813	-0.043462832300000004	-0.0162456304	-0.037345272	0.0254471112	0.08830977710000001	0.00764916	-0.06767020230000001	-0.09242067080000001	0.0427998831	0.042574790700000004	-0.1003672316	-0.10904884220000001	0.00150053	0.038327	0.00696843	-0.000374371	0.000149916	-0.00100984
1995.8202246573544	1709.6543687272735	1514.859457833956	0.838566	9.691314	0.06832597099999999	0.0780701187	-0.062235790199999995	0.0124549929	-0.0037901404999999997	-0.0400900214	-0.0728812678	-0.0023753873999999998	0.0897995833	0.0165964262	-0.0730964122	-0.0717653998	-0.0291235613	0.0394111329	-0.10440216599999999	-0.1034194061	-0.000507651	0.031303	0.00697522	-0.000877133	0.000426271	-0.000603217
1996.7170893360824	1706.6574824480808	1516.7765564877645	0.8941679999999999	10.333908	0.108554971	0.0935594089	-0.036540667400000004	-0.012507121999999999	0.0542732259	-0.0168824157	-0.010954741200000001	-0.0068143912	0.1054039023	0.0465012521	-0.0746542405	-0.0591639843	-0.0529015248	0.0362209093	-0.1081556505	-0.0971628453	0.0136008	0.0322443	0.00696835	-0.000349548	0.00081147	-0.0015604
2000.4044947107056	1709.4243736596738	1519.4922144908205	0.798964	9.233635	0.07604435999999999	0.0876231235	0.008315290999999999	-0.058587247	0.1152230624	-0.0336119293	-0.027793028199999997	-0.0270588543	0.09948300310000001	0.1241037888	-0.07780547139999999	-0.0736918621	-0.1541853644	0.0330062704	-0.1116175665	-0.09031709869999999	0.0158666	0.011393	0.00696814	-0.000716345	0.0007466779999999998	-0.000933448
2001.4425646838754	1710.4783071013128	1520.6507198993318	0.7901869999999999	9.132193	0.08031944000000002	0.0938047092	0.025586858799999997	-0.091595694	0.1767950784	-0.0828839375	0.009079037600000001	-0.0394905354	0.0874256597	0.150331684	-0.12044311880000001	0.0138030006	-0.1077175185	0.029769382900000002	-0.1147785813	-0.08292367839999999	-0.0178016	0.010837200000000002	0.0069313	-0.000872647	0.0010451700000000002	-0.00046707
1999.8628900254191	1710.2167193046466	1518.9908904640238	0.944714	10.91807	0.09618772	0.0981754401	0.020456845300000002	-0.0388098802	0.1934573973	-0.1074933197	-0.030471017799999996	-0.08888797820000001	0.0667860096	0.09428574699999999	-0.09855112949999999	-0.0022575297	-0.1710680414	0.0265124287	-0.1176301734	-0.0750274174	-0.0152847	0.0108291	0.00691306	-0.000307485	0.000149916	-5.45964e-05
1997.2890592871938	1709.418686968442	1518.2234891716987	0.886056	10.240155	0.08522486	0.1028473969	0.0161910244	0.0343341313	0.15084920970000001	-0.022795947900000002	-0.029260888500000002	-0.0788100396	0.0714116312	0.0480463162	-0.0334518571	-0.0189442514	-0.067423608	0.023237603399999997	-0.1201646552	-0.0666761977	0.0158088	0.0108542	0.00694619	-0.000716345	0.000452897	-0.000424218
1997.6392810975165	1709.0272530553152	1518.6710384102262	0.7750019999999999	8.956706	0.10172831	0.0970602383	0.0320356496	0.0625780509	0.14043004580000001	-0.0463867748	-0.0467113699	-0.126379207	0.050021969299999997	0.058038473	-0.05394798	-0.0020109770999999998	-0.058564787800000004	0.0199471143	-0.12237519449999999	-0.0579206603	0.00853068	0.0327436	0.00695428	-0.000766893	0.000664641	-0.00161298
1998.5426137140325	1711.5290812700448	1519.658814013241	0.8427369999999998	9.739525	0.132819645	0.1072681391	0.050494390099999995	0.034850869900000005	0.1967531488	-0.030860155400000002	-0.035983594199999996	-0.1908479397	0.0161084666	0.0480701047	-0.0453663713	0.1535392558	-0.0167085486	0.0166431794	-0.1242558318	-0.0488138979	-0.0116327	0.0108736	0.010173	-8.56211e-05	0.00121938	-0.00109764
2000.2813996420693	1712.8433387991872	1519.3029093299026	0.823196	9.513687	0.07285958499999998	0.1156569269	0.0647871558	-0.0014873484	0.23031469149999997	-0.0698004663	-0.0381858162	-0.1901382374	0.0398125692	0.070739297	-0.0886219643	0.2572027212	-0.0914191825	0.0133280259	-0.1258014974	-0.0394111329	-0.00176567	-0.0106438	0.0067728	0.000402277	0.000976679	-0.00112854
1996.0181435536624	1711.8557500885863	1517.153068912795	1.062334	12.277403	0.20204331000000003	0.0847498683	0.0555414834	0.0864719532	0.2144776822	0.040213567	-0.0810096251	-0.2193175528	0.0011114347	0.0359892453	-0.10406822369999999	0.1570724302	-0.0026537765000000002	0.010003888399999999	-0.1270080244	-0.029769382900000002	-0.0160001	0.0108935	0.00689393	-0.000236358	-0.000246124	0.000333031
1993.0581428877256	1708.8342214807224	1515.0467212499539	1.084294	12.5312	0.14794247	0.0443882396	0.0962324107	0.1218789831	0.0575644119	0.009804309300000001	0.036182939	-0.20587095989999998	-0.0904483025	-0.0789679834	-0.0889398951	0.0335604695	0.08470751859999999	0.0066730076	-0.1278721602	-0.0199471143	-0.0103767	0.0108468	0.0129258	-0.000409762	0.0012868100000000004	-0.000685441
1994.1472755276416	1706.0553250320843	1514.865980811231	1.210536	13.990181	0.13234095	0.0196285448	0.15719276699999998	0.1111748756	-0.1870877695	0.0007267381	0.0410321659	-0.1648423128	-0.1513465834	-0.1019841139	0.0478018342	-0.0826705168	0.06993833740000001	0.0033376287	-0.1283915752	-0.010003888399999999	0.0120256	0.046988	0.0267551	-0.000644576	0.000572837	-0.000936017
1992.0306939492389	1707.8870714633265	1515.1265442736353	1.027082	11.869993	0.2079527	-0.011359899	0.14068637679999998	0.14075446789999999	-0.1955275498	-0.0045829594	0.06662386599999999	-0.11632784550000001	-0.18413421300000002	-0.0465355647	0.0397072324	-0.0821733495	0.044517945700000006	0.0	-0.1285648693	-0.0	0.0118252	0.0239346	0.0120203	-0.00017877	0.00195196	-0.00249037
2002.9067015483747	1709.8268650279736	1519.4613699485876	1.0941630000000002	12.64525	0.10968695	0.0197367577	0.2140350263	-0.0160813574	-0.0118912972	-0.1014413412	0.1800044273	-0.1588783839	-0.1624838509	0.1332496516	-0.0139643149	-0.11445962800000001	-0.08416307640000001	-0.0033376287	-0.1283915752	0.010003888399999999	-0.018279	0.0159486	0.0056655	-0.000265409	0.00149817	-0.00172596
1999.6675583042263	1707.6090554475463	1515.8802850602274	0.9905870000000002	11.448217	0.08291240999999999	0.026149529300000002	0.21241888820000002	0.0164198862	-0.0798695634	-0.042724237400000004	0.0965978003	-0.15000367609999998	-0.1940215805	0.08799387619999999	-0.0197380318	-0.12168629869999999	0.036822542400000005	-0.0066730076	-0.1278721602	0.0199471143	-0.0112843	0.0159586	0.00979421	-0.0007342689999999999	0.0008019999999999998	-0.00145541
1997.9580483051236	1706.9629841381484	1515.25249763039	1.017095	11.754576	0.09478395	0.0259206806	0.1660261692	-0.0013182607000000002	-0.1639081383	0.0433915266	-0.0239612682	-0.1238559901	-0.1800311332	0.0365412132	0.024806632400000004	-0.065991308	0.0518052055	-0.010003888399999999	-0.1270080244	0.029769382900000002	0.00670742	0.0399225	0.00978303	-0.000586876	0.00143402	-0.00173234
1994.0676858510733	1705.7820479256643	1516.4586681901574	1.015296	11.733785	0.115587775	0.0043717528999999995	0.1459176141	0.031665089	-0.11826639230000001	0.0818514721	-0.07597195450000001	-0.10743955029999999	-0.1753138038	-0.0240341296	0.0069469264	-0.0150949964	-0.0080260929	-0.0133280259	-0.1258014974	0.0394111329	0.0119461	0.015979799999999995	0.0208191	-7.58895e-05	0.00107975	-0.0010901900000000002
2000.717270565414	1708.6313961601193	1519.0552015295507	1.018638	11.772406	0.08396642499999998	0.0246894238	0.2103852173	-0.0803636678	-0.0637752426	0.023454947599999998	-0.0715836872	-0.107559371	-0.1502087198	0.1529404356	0.0145481017	-0.053542216600000005	-0.0628775112	-0.0166431794	-0.1242558318	0.0488138979	-0.00477203	0.00949684	0.00954844	0.000782114	0.00118354	-0.00111829
1996.0319645154611	1704.9581095516253	1514.2767650468734	1.222788	14.131773	0.08553922	-0.08347975889999999	0.1118494251	-0.026602440800000002	-0.0144944578	0.049237558099999995	-0.1296671919	-0.0474405091	-0.164885425	0.0439503405	-0.024982835	-0.0196668371	0.0049514285	-0.0199471143	-0.12237519449999999	0.0579206603	-0.0147575	0.0373804	0.00964098	0.000167154	0.00107422	-0.000891017
1986.8479694416242	1704.6140647320974	1510.9423912629118	1.301878	15.045811	0.07269679999999999	-0.1315811322	-0.08242668110000001	0.049677691600000004	-0.08722960869999999	0.024153650099999997	-0.0739900513	0.028102735	-0.0926422408	-0.121713949	-0.10634387949999999	0.0568988933	0.07292403410000001	-0.023237603399999997	-0.1201646552	0.0666761977	-0.0143297	0.0501499	0.00972683	-0.000596886	0.00107422	-0.00131525
1984.459121724132	1705.1884205465158	1511.040778723592	1.062446	12.278692	0.09350307	-0.1031078565	-0.1272386217	0.0567648404	-0.0288019931	0.0687862152	-0.0368720316	0.0668056463	-0.040495314500000004	-0.1883430191	-0.0731017087	-0.0209319882	-0.0134496526	-0.0265124287	-0.1176301734	0.0750274174	-0.008173599999999998	0.0608293	0.0287852	-0.00138374	0.00107422	-0.00094992
1988.2519885264746	1706.185487075836	1513.0797784398073	0.81964	9.472589	0.07194025000000001	-0.08647332460000001	-0.1190895497	0.0164337707	0.0197403893	0.0895223226	-0.057049862300000004	0.09482218	0.0027779847999999997	-0.1029978644	-0.0884125234	-0.057574992400000004	-0.06667211349999999	-0.029769382900000002	-0.1147785813	0.08292367839999999	-0.0352937	0.0549519	0.0287466	-0.000967647	0.0011605	-0.00067421
1989.7402269696772	1707.84568498825	1513.728986253892	0.934019	10.794468	0.13747150000000002	-0.06762694400000001	-0.0944435883	0.0038566290000000003	0.0194592955	0.030672786400000002	-0.0455809562	0.025647483999999998	0.0091779459	-0.0828492473	-0.0622395387	0.09413924130000001	0.0072910323	-0.0330062704	-0.1116175665	0.09031709869999999	-0.017787	0.0398921	0.0135311	0.000529866	0.00107422	-0.000884207
1989.5103768857646	1705.3561779378558	1512.9997854006976	0.899663	10.397413	0.1302985	-0.0808363003	-0.1112450564	0.020780038600000002	0.0169165365	0.0494436267	-0.0467670045	0.0325100539	-0.00864376	-0.10493378390000001	-0.0781287131	0.0126276139	-0.047542031299999996	-0.0362209093	-0.1081556505	0.0971628453	-0.0370361	0.0423641	0.0324649	-0.000510504	0.000628967	-0.000576958
1989.2319832266646	1704.7148455378176	1511.649412121641	0.877444	10.140633	0.07968535	-0.06858891519999999	-0.10856789289999999	0.035278708900000004	-0.0286004629	0.0042940357	-0.10496498300000001	0.0464312257	-0.017787243600000002	-0.1306930264	-0.049202370499999995	0.0097035298	-0.0592807992	-0.0394111329	-0.10440216599999999	0.1034194061	-0.0478265	0.0634282	0.0285896	-0.000369886	0.000282053	-0.000968537
1989.1742483714638	1704.4987512710068	1509.9911861345968	0.941416	10.879958	0.040019450000000005	0.0351551389	-0.1355514555	-0.0078531103	-0.195237054	-0.0684551328	0.0068995199	0.0602667209	0.049035245	-0.1686462689	-0.0662174873	-0.0723077015	-0.0109558333	-0.042574790700000004	-0.1003672316	0.10904884220000001	-0.0334904	0.0514667	0.0285866	-0.00030032	0.000486864	-0.000968537
1984.0424503634838	1703.658068750563	1509.8750687163156	1.036227	11.975682	0.0687785	-0.0734828468	-0.1519752236	0.15550372980000002	-0.0889708093	0.0026723534000000003	0.1182616447	0.0845740316	0.015152093899999998	-0.20130233809999998	-0.0060484266	-0.1898045796	0.0024999821	-0.04570975	-0.096061725	0.1140170172	-0.0285932	0.06344900000000002	0.0286395	-0.000544746	0.000589787	-0.00165811
1991.5009358026373	1706.0837584882438	1512.8844868640685	1.061809	12.271335	0.0214165	-0.0774819034	-0.037255096200000004	0.048278418499999996	0.0208988122	-0.1037102874	0.1231764266	0.081586778	-0.0302914169	-0.0868717308	-0.017664324	-0.2264243816	-0.1739094607	-0.0488138979	-0.091497253	0.11829380460000001	-0.0289195	0.0634584	0.0286554	-0.0007639539999999998	0.000387697	-0.00165811
1992.3160321310165	1705.0449895565564	1512.6945328369275	0.874519	10.106829	0.10706735	-0.1034065591	-0.0247075623	-0.0109903384	0.0274790594	-0.119152565	0.0483728042	0.0892368184	-0.042028797400000005	-0.0146546637	-0.0195057595	-0.11251729419999999	-0.083022697	-0.0518851418	-0.0866861205	0.1218532703	-0.0102696	0.0634689	0.0209714	-0.0007403779999999998	0.00139667	-0.00224002
1988.9706104564805	1705.7877346168964	1513.0147218020334	0.979963	11.325445	0.1332705	-0.081840139	-0.0647728101	0.0438850298	-0.00045008699999999995	-0.0508312012	-0.0292426396	0.0683833485	-0.0494675482	-0.100257792	-0.0001565975	0.014403777900000001	-0.0242350636	-0.054921411399999995	-0.0816412976	0.1246738301	-0.0329045	0.0634441	0.0286637	-0.0009134	0.000683542	-0.0010678
1991.557172819614	1705.5015044915592	1513.7878942602888	0.879839	10.168306	0.0479641	-0.0737249472	-0.0378501672	0.0105603606	0.016797338000000002	0.00047340949999999995	-0.0238712328	0.0679642407	-0.0487165036	-0.0584915458	0.0236963784	-0.0317584296	-0.0597352971	-0.0579206603	-0.0763763841	0.1267383804	-0.0276735	0.0599022	0.028683	-0.0009134	0.00104564	-0.00148914
1991.2833407587439	1705.691692720536	1513.5981586015885	0.7876579999999999	9.102966	0.033976099999999995	-0.0888686433	-0.0501788067	-0.0095106825	0.0433013714	0.0117713902	-0.007094052900000001	0.0866097422	-0.0399328561	-0.031391968799999996	0.0169205232	-0.066641306	-0.026669195299999997	-0.0608808666	-0.0709055735	0.1280344021	-0.0291598	0.0634753	0.0356012	-0.0009134	0.00113365	-0.0018411
1990.340792014167	1705.6856901020133	1513.7668840967553	0.87554	10.118618	0.05685715	-0.0933304574	-0.0861628527	-0.028226851600000002	0.0424213619	0.0555079512	-0.010411659200000001	0.1202530992	0.0005970769000000001	-0.0279097908	-0.0098777011	-0.0053394256	-0.0123950208	-0.063800035	-0.0652436139	0.1285540361	-0.044689	0.0667116	0.0286625	-0.0009134	0.0008857309999999998	-0.00146596
1989.5683159916323	1703.1178330835355	1513.4711274406018	0.8786589999999999	10.154669	0.0759286	-0.0784356658	-0.10031703189999999	-0.0083192523	0.042757965700000004	0.0077887958	-0.040208895	0.1473154534	0.0484856138	-0.040538429	0.0097426488	0.039923122400000004	-0.022550592999999997	-0.0666761977	-0.0594057691	0.1282941315	-0.0333208	0.0576742	0.0184018	-0.000299973	0.00113007	-0.00141848
1991.473157711928	1703.7433691190408	1512.885942133748	0.863858	9.983616	0.04852544999999999	0.0229292023	-0.1087812139	-0.0834642049	-0.0714222439	-0.031719507599999995	-0.028613415899999998	0.1025725691	0.10902385699999999	-0.0084180762	-0.0095732637	0.0290282869	0.0371583947	-0.069507416	-0.0534077769	0.1272562643	-0.0272382	0.0634631	0.0284946	-0.000115961	0.0007849289999999999	-0.00141641
1989.319062094356	1706.3582993038267	1513.338966181036	0.830438	9.597382	0.08415026	-0.0078218086	-0.1135472951	-0.0030264209000000005	0.011272963899999999	0.0098700744	0.0811036384	0.134291117	0.1814744993	0.0173286359	0.036679845600000004	0.062441032800000004	0.081376667	-0.07229178160000001	-0.047265806699999996	0.125446728	-0.0221893	0.0634787	0.0285758	-1.97108e-05	0.00184408	-0.0018411
1990.7736672610627	1704.3158293697152	1514.8034946819578	1.017891	11.76377	0.06266571000000001	-0.0590766563	-0.0588080673	0.028321642299999998	0.0914490366	-0.0513139913	0.1372077192	0.1189834273	0.0973667383	0.026799176299999998	0.1176762385	0.0457251827	0.0644563581	-0.0750274174	-0.040996416200000003	0.1228764955	-0.0181486	0.0635497	0.0286322	-0.0007238929999999998	0.00151374	-0.00197653
1997.6308387366144	1707.674136469422	1518.156038279951	1.185561	13.701536	0.09803625	-0.0400813513	0.07255443339999999	-0.0067426345	0.09337824859999999	-0.0968511217	0.0958978091	0.0284090036	0.0204273854	0.0602611563	0.1514442593	0.150380499	0.06138111	-0.0777124796	-0.0346165067	0.1195611523	-0.0347148	0.0635854	0.0385492	-0.0011309	0.00109104	-0.00137589
1996.6060450567984	1706.3298658476676	1515.0034359457065	1.008823	11.658979	0.11667415	-0.0440840149	0.1048718969	-0.0202520924	0.010630721000000001	-0.0055407736	-0.0691798311	0.0160436763	-0.014857359099999998	0.1269443424	0.1227486015	0.18468960710000001	0.1006388342	-0.0803451581	-0.0281432772	0.1155208024	-0.0532169	0.0635046	0.0311535	-0.000135239	0.00151374	-0.00177144
1992.874793872329	1704.0949961935446	1512.5493926931185	1.274076	14.724513	0.22054844	0.0262135433	0.1186407194	0.0818040164	-0.1697055427	0.09845645730000001	0.0094035489	-0.0180723849	-0.027508513300000002	0.010324141	0.19648615670000003	0.0266663781	0.14844080769999998	-0.08292367839999999	-0.021594178399999997	0.1107799461	-0.024278	0.08026189999999998	0.0386675	-0.00138907	6.41462e-05	-0.0011281
1997.13832229496	1705.7722541796536	1513.9721239147375	1.452681	16.788649	0.24037969	0.1389061866	0.0761243245	0.0772679108	0.0243653199	-0.0579565228	0.1212511362	-0.1177504616	0.0744321771	0.025175872599999996	0.1195943089	0.0489988187	0.0702295012	-0.0854463025	-0.0149868655	0.10536733150000001	-0.0338211	0.0510257	0.0308346	0.000668826	0.0011296	-0.0018801
1995.6102549716945	1706.8457751133135	1514.2051370788126	1.184932	13.694266	0.05259655	0.19105956600000001	-0.0398565487	0.0438962675	0.0018168438000000001	-0.1010417264	0.0134573148	-0.1410968609	0.1235933908	-0.018274588799999998	0.0560903015	0.058699237300000005	0.0758561407	-0.08791132980000001	-0.008339150699999999	0.09931578	-0.0337716	0.0528548	0.0309272	0.000200909	0.00154113	-0.00174704
1997.7726567830573	1706.567443170243	1513.6892369586071	1.406376	16.253506	0.13985955000000003	0.1235737283	-0.05114042480000001	-0.11121022720000001	-0.1280385328	-0.116002019	0.08729992880000001	0.0085613292	0.1158050333	0.0214266514	-0.018884809	-0.0529609725	0.08598594539999999	-0.09031709869999999	-0.001668955	0.09266198769999999	-0.0337806	0.0936142	0.0310189	-0.00103535	0.00119951	-0.00134493
1991.2359546040036	1705.793421308128	1512.5581071536724	1.166302	13.478967	0.0960384	-0.048004188200000006	-0.082473466	0.0134728049	0.08083066480000001	0.06339975610000001	0.11375288869999998	0.0841687536	0.0814491029	0.012433531599999999	0.0202922374	0.033235503900000005	0.0142376806	-0.09266198769999999	0.0050057399	0.0854463025	-0.0338546	0.0687269	0.0420559	-0.0008716769999999998	0.000697551	-0.0018801
1995.482053636384	1704.568255274952	1514.3748046778235	1.234937	14.272175	0.05348729999999999	-0.053761166900000004	0.0546616958	-0.0733862	0.1654841024	0.021725220400000002	0.015397426799999999	0.082542945	0.0148303661	0.1102438544	0.0633943659	0.0266360993	-0.0672302952	-0.09494441599999999	0.0116669403	0.0777124796	-0.0314187	0.0632883	0.0309767	-0.000681044	0.00105201	-0.00173452
1993.6957453864954	1707.9733196136765	1514.1763529987945	1.020789	11.79727	0.14426024999999998	-0.0579254874	0.10094689529999999	-0.11445504960000001	0.1779876168	0.0599591057	-0.136879742	0.0612125434	-0.0341307157	0.09596469099999999	0.059211964699999994	0.14667230039999998	-0.1403023088	-0.0971628453	0.0182966886	0.069507416	-0.0501182	0.032129	0.0308071	0.000439653	0.00141597	-0.00133454
1991.0447078961506	1705.9570716446897	1513.5729417260245	0.919379	10.625274	0.13017105	-0.0615041342	0.0833768931	-0.058373888799999996	0.0338394973	0.147692548	-0.171364428	0.07525479980000001	-0.0449328832	0.10205066630000001	0.10906426039999999	0.07914996	-0.0236011518	-0.09931578	0.0248771123	0.0608808666	-0.0201931	0.06327140000000002	0.0137394	0.000187564	0.000746992	-0.00145419
1994.875361071885	1704.335732789027	1514.913468148185	0.970524	11.216359	0.10151414999999998	-0.0052146792999999995	0.1273784717	-0.0779598621	-0.0912355833	0.1133224779	-0.1311770179	0.0641292365	-0.0201861287	0.1167995733	0.13695721789999998	0.0183772602	-0.0071337580000000005	-0.101401769	0.031390471600000004	0.0518851418	0.00900605	0.0633762	0.0211371	8.3842e-05	0.00119074	-0.00220297
1993.116286244261	1706.1093485987872	1513.5985454256834	1.132258	13.085516	0.09512825000000004	0.0016613783	0.1585961999	-0.0264204097	-0.0802194095	0.2088485393	-0.06537353230000001	0.0095988687	-0.0423972763	0.13449753960000002	0.1317207974	0.09033631619999999	0.10872092960000002	-0.1034194061	0.0378192079	0.042574790700000004	-0.0293072	0.0634443	0.022786	0.000130822	0.00211236	-0.00233633
1995.6477009273083	1705.1944231650384	1515.2631181354755	1.256075	14.516475	0.06351180000000001	0.1142742548	0.09604354890000001	0.020833031999999998	0.0970774527	0.11444601019999999	-0.011667125300000001	-0.10013628050000001	0.0779610724	0.1139217699	0.1441970034	0.10896226	0.0525410813	-0.10536733150000001	0.0441459902	0.0330062704	-0.0387106	0.0491509	0.0292368	0.000419826	0.00178637	-0.00228404
1993.9957896162948	1704.6412344790942	1513.931260940406	1.174603	13.5749	0.14090324999999998	0.1690205715	0.0206613637	0.0125777438	0.1297676067	0.0566806583	-0.0015471814	-0.1126953838	0.1172831346	0.1034864885	0.0675025815	0.018436005800000002	0.1015141436	-0.1072442319	0.0503537627	0.023237603399999997	-0.0526923	0.0634768	0.0329369	-0.0008347549999999999	0.0015973	-0.00154978
1994.8951053030266	1705.5381520572753	1514.7088257238659	1.26621	14.633602	0.101146857	0.1223206218	-0.0009808587	-0.1294170417	0.0063126355	0.0138350041	-0.0348437063	-0.058933047800000006	0.1081465428	0.09503659019999999	0.0780367647	0.0943939815	0.0744732021	-0.10904884220000001	0.0564257904	0.0133280259	-0.0504352	0.0634289	0.0484865	-1.91986e-06	0.00171877	-0.00226132
1995.8039526875516	1704.427351703318	1514.1454507449027	1.085425	12.544264	0.065923507	0.0713248408	-0.0472584058	-0.1555418391	-0.0637943887	0.0133245391	0.0596076995	-0.0240094769	0.0691371038	0.0213313355	-0.0120823697	0.08921268630000001	0.0444115206	-0.1107799461	0.0623457042	0.0033376287	-0.0458349	0.0686756	0.0469718	-0.000453046	0.00166376	-0.00167622
1994.9341852639768	1704.5947931673672	1512.2151080451727	1.011149	11.685857	0.167633207	0.07466550059999999	-0.0695722065	-0.11796299789999999	-0.0898129174	-0.0405142843	0.0765417624	0.0301401391	0.0730737033	0.0231608066	-0.022057337200000002	0.0064800707	0.0491818967	-0.1124363766	0.0680975449	-0.0066730076	-0.019007	0.0646191	0.0328843	-1.91986e-06	0.00242888	-0.0029132
1992.1486146676446	1701.7947295902552	1511.5646726884977	0.999588	11.552249	0.15869469700000002	0.0567349988	-0.0726067467	-0.0496383499	-0.1880468584	-0.0392210548	0.1198836311	0.0729152325	0.09348689269999999	0.0004779739	0.0116628861	-0.1400687163	0.0448242455	-0.1140170172	0.0736658067	-0.0166431794	-0.00272391	0.0976076	0.0329046	-0.000806616	0.0016974	-0.00226132
1996.5700288558535	1704.092468775219	1515.8519751516806	1.022398	11.815858	0.10254604	0.060909160999999996	-0.0702758347	-0.0831883879	-0.08126648639999999	-0.0883109793	0.2452985746	0.041203889300000004	0.0726449649	-0.0032814222999999997	-0.058343869400000005	-0.10748566359999999	-0.08503729410000001	-0.1155208024	0.07903547849999999	-0.0265124287	-0.0219399	0.0646148	0.0581926	-0.000358581	0.00164445	-0.00226132
2003.0165203236566	1704.0927847025098	1516.6185138886656	1.3048670000000002	15.080358	0.094727255	0.1030864067	-0.0168268148	-0.136907203	0.0036443040999999997	-0.1362051692	0.1221923647	-0.0188092693	0.06667306719999999	0.10910642890000001	-0.0751183954	-0.0681750139	-0.1211281407	-0.1169467186	0.0841920847	-0.0362209093	-0.0181484	0.0384958	0.0401646	9.75641e-05	0.00117214	-0.002254
1992.1483423334219	1702.060108514409	1511.8678148772665	1.232437	14.243283000000003	0.183188345	0.1123226653	-0.026121834700000002	0.0669017214	0.0465548268	0.0029194174	0.0187820624	-0.0962574642	0.0833563775	-0.031035724700000003	-0.0017326185	-0.0682694055	-0.0367158017	-0.11829380460000001	0.08912172380000001	-0.04570975	0.0161071	0.0567853	0.0406236	0.000263511	0.00227655	-0.00358733
1995.3446610210597	1700.6832973817166	1513.9827459795974	1.073292	12.404049	0.20060925	0.127638106	-0.011284813500000001	0.0221230129	0.0624673212	0.0341744402	0.0474259833	-0.0945650958	0.074645108	-0.0113723595	-0.0209300718	-0.0997773567	-0.08743581449999999	-0.1195611523	0.0938111066	-0.054921411399999995	-0.0107197	0.0562445	0.0399249	0.001032	0.00085508	-0.00232643
1997.9570270517886	1702.8249684850946	1515.4699769994668	0.996982	11.522124	0.07808435099999998	0.1080428235	0.0253944166	-0.0531735741	0.09207424689999999	0.0284213771	-0.0749768934	-0.0694034097	0.07905464870000001	0.076960374	-0.0380241578	-0.0656487017	-0.1186392634	-0.1207479075	0.0982475912	-0.063800035	-0.000144249	0.0634621	0.0400872	0.000410465	0.0009412550000000002	-0.00183156
1994.0070914865348	1705.0579425754736	1513.0497855344934	0.878619	10.154208	0.06395502099999999	0.09350745279999999	-0.0041885028000000005	-0.0022674168	0.055222277599999994	0.07202897230000001	-0.0151351393	-0.0743029009	0.0652237371	0.0658575319	-0.046241376900000006	-0.0565061242	0.0372694515	-0.1218532703	0.1024192176	-0.07229178160000001	-0.00030127	0.0561977	0.0400542	-0.00026298	0.000627728	-0.0019746
1993.6086665188047	1701.3217864361386	1512.4220854520318	0.8776	10.142426	0.1329590975	0.1043355429	-0.0316140872	0.0297511175	0.0047736009	0.1084048711	-0.058811235499999996	-0.08770760820000001	0.070156694	-0.0183525271	-0.0576744954	-0.14270920380000002	-0.009799800899999999	-0.1228764955	0.10631474	-0.0803451581	-0.0445151	0.0563887	0.0491539	-7.66065e-06	0.00140195	-0.00253415
1994.0796004733145	1702.9775613664829	1512.6384417834142	0.850121	9.824862	0.1455346825	0.10982525	-0.0313360569	-0.0216527605	0.020775049599999998	0.0770319451	-0.08032612459999999	-0.0597519209	0.0776873402	0.0528808446	-0.0830336233	-0.0534467227	-0.0186782328	-0.1238168934	0.1099236566	-0.08791132980000001	-0.0102633	0.0655975	0.0398546	0.000594427	0.000550222	-0.00213247
1993.2919418178672	1703.0164204232342	1511.724898972002	0.871183	10.068274	0.1100284665	0.0932667038	-0.0300493099	-0.0503308999	-0.018329428300000002	0.0686323912	-0.1243807123	-0.0318045213	0.0443220775	0.049820578399999996	-0.1202270159	-0.063942555	0.031307062999999996	-0.1246738301	0.1132362385	-0.09494441599999999	-0.000761216	0.0593061	0.0403418	-7.66065e-06	0.00127866	-0.0026769
1991.5266033031216	1702.1005472076133	1510.8978846551715	1.13692	13.13939	0.07488306649999998	0.0479091964	-0.028144671	-0.0682738551	-0.09487097380000001	0.0893044974	-0.0277546698	-0.0356213778	-0.0266220622	-0.0191597469	-0.09540882519999999	-0.053479657199999996	0.0627382495	-0.125446728	0.11624355550000001	-0.101401769	-0.0119911	0.0566271	0.040352	0.000402449	0.00174235	-0.00302238
1993.3017458498825	1702.9791410029363	1511.904731621922	1.095956	12.665969	0.1340784	-0.0076281838000000005	-0.051064162999999996	-0.045361234800000004	-0.09180110609999999	0.009492730100000001	0.0880208397	-0.0057434882	-0.0244310786	-0.05167327769999999	-0.0664483877	-0.0103381013	0.0684963283	-0.1261350661	0.11893750039999999	-0.1072442319	-0.0663504	0.0565766	0.0398776	0.000777583	0.00148178	-0.0020742
1988.893267537249	1703.92028840181	1510.7525027463032	1.042186	12.044552	0.19166651	-0.1484047325	-0.0519693165	0.0212736963	0.0803250263	0.11971464429999999	0.0877479163	0.0187173565	-0.07816988030000001	-0.0576914912	-0.11116749640000001	0.043415362	0.009053284200000001	-0.1267383804	0.1213108108	-0.1124363766	-0.00550464	0.08698409999999998	0.0487263	-0.000456063	0.000940205	-0.00201813
1987.0098040534315	1701.0504048934622	1509.0392541513297	1.094212	12.645813	0.21463091	-0.165768931	-0.030011030600000002	0.0788484069	0.0217123352	0.1484589248	0.0262599796	0.033973889199999996	-0.1315097223	-0.0949055484	-0.047092073	-0.0523579596	-0.0109076533	-0.1272562643	0.12335708880000001	-0.1169467186	-0.040068	0.0489398	0.0403618	0.000221167	0.0021742	-0.00278008
1988.6619876986672	1703.0941385367362	1510.3008310235714	1.006061	11.627057	0.12676374999999998	-0.1635972083	0.0283661483	0.0666608462	0.0403290846	0.0357270138	0.0883048139	0.0447147725	-0.1131618488	-0.0328447328	-0.0014555976	0.0021384397	-0.017239548700000003	-0.1276883686	0.12507081779999998	-0.1207479075	-0.00978065	0.0913216	0.0402521	-0.000165011	0.00179102	-0.00246974
1986.5848264989927	1700.3357773619912	1509.0912242804145	0.873854	10.099133	0.10049035	-0.173534145	0.0034818252	0.0650106203	0.026475226600000002	0.0052469715	0.08869772449999999	0.0337069348	-0.1635054049	-0.1201111115	-0.0497505071	0.021519212599999997	-0.0188993991	-0.1280344021	0.126447378	-0.1238168934	-0.0107971	0.070875	0.0403716	-0.000551407	0.00204506	-0.00340746
1984.601416355464	1700.9916424173996	1508.319620955382	0.859821	9.936954	0.202254704	-0.1587651912	0.0154210257	0.10442972939999999	0.0186023398	-0.0044116088	0.0762638644	0.0052977439000000005	-0.15379326699999998	-0.1616634073	-0.039108799300000004	0.0184788815	0.0304061825	-0.1282941315	0.1274830585	-0.1261350661	-0.000644846	0.0747769	0.0295869	0.000330699	0.0008282889999999998	-0.00195802
1988.0996175289042	1700.0628161828615	1509.8960695212018	1.283535	14.833827	0.247198704	-0.17548270370000002	0.08506159890000001	0.24100116489999998	-0.06787275400000001	-0.404397587	-0.2134216412	0.0431384326	-0.17793011420000002	-0.141344233	0.0296724012	0.0720055937	-0.08133591230000001	-0.1284673818	0.1281750671	-0.1276883686	-0.0510306	0.116931	0.0234359	0.000317433	0.00238064	-0.00336256
1991.282183338297	1701.5340895754614	1512.1499858968664	0.926134	10.703342	0.037033749999999976	-0.1442823583	0.1248336645	0.1791103716	-0.04994681769999999	-0.45242881450000005	-0.3326480703	0.0139230352	-0.2333324877	-0.0768828505	0.0290971682	0.1480873315	-0.0998818536	-0.1285540361	0.1285215385	-0.1284673818	-0.0446126	0.0943292	0.024638	0.00033336	0.0023614	-0.00326149
